ori,des,osrm_dist,route_geometry
Casa Luis,Falla Gayano Lluch,714.8,"[[-0.379272, 39.488647], [-0.379316, 39.488637], [-0.379946, 39.488499], [-0.380238, 39.488435], [-0.380408, 39.488904], [-0.380419, 39.488936], [-0.380439, 39.488993], [-0.380511, 39.488976], [-0.380846, 39.488902], [-0.381069, 39.48887], [-0.381131, 39.488868], [-0.381165, 39.488892], [-0.381194, 39.488922], [-0.381255, 39.489], [-0.381272, 39.489055], [-0.381317, 39.489104], [-0.381352, 39.489126], [-0.381393, 39.48914], [-0.38146, 39.489145], [-0.381534, 39.489138], [-0.381633, 39.489125], [-0.381701, 39.489125], [-0.381768, 39.489133], [-0.381826, 39.489167], [-0.381832, 39.489177], [-0.381856, 39.489218], [-0.381874, 39.48966], [-0.381891, 39.489913], [-0.381898, 39.489947], [-0.381913, 39.490031], [-0.381856, 39.490066], [-0.381817, 39.490113], [-0.381799, 39.490168], [-0.381805, 39.490224], [-0.381834, 39.490275], [-0.381893, 39.49031], [-0.381953, 39.490344], [-0.382028, 39.490387], [-0.382102, 39.490428], [-0.382135, 39.490473], [-0.382149, 39.490501], [-0.382409, 39.491204], [-0.382421, 39.491235], [-0.382467, 39.49136], [-0.382505, 39.491461], [-0.382518, 39.491498], [-0.382768, 39.492161], [-0.382779, 39.492189], [-0.38284, 39.492352], [-0.382865, 39.492423], [-0.382878, 39.49246], [-0.382982, 39.492747]]"
Falla Gayano Lluch,Falla Monestir de Poblet – Aparicio Albiñana (L’Antiga de Campanar),2031.6,"[[-0.382982, 39.492747], [-0.383104, 39.493083], [-0.383118, 39.49312], [-0.383159, 39.493235], [-0.383227, 39.49322], [-0.383295, 39.493205], [-0.383271, 39.493137], [-0.383254, 39.49309], [-0.383023, 39.492463], [-0.383012, 39.492433], [-0.382961, 39.492295], [-0.382931, 39.492214], [-0.382914, 39.492165], [-0.382671, 39.491498], [-0.38266, 39.491469], [-0.382608, 39.491326], [-0.382575, 39.491242], [-0.382563, 39.491207], [-0.382535, 39.491134], [-0.382444, 39.490892], [-0.3823, 39.490511], [-0.382291, 39.490471], [-0.382286, 39.490437], [-0.382286, 39.490406], [-0.38229, 39.490358], [-0.3823, 39.490322], [-0.382299, 39.490269], [-0.382356, 39.490258], [-0.382374, 39.490253], [-0.382415, 39.490244], [-0.382853, 39.490151], [-0.383502, 39.490034], [-0.38368, 39.489996], [-0.383914, 39.489953], [-0.385076, 39.489696], [-0.38531, 39.489646], [-0.385642, 39.489571], [-0.385754, 39.489538], [-0.385967, 39.489475], [-0.386, 39.489465], [-0.386047, 39.489454], [-0.386134, 39.489435], [-0.38624, 39.489408], [-0.386271, 39.4894], [-0.386308, 39.489391], [-0.386402, 39.489368], [-0.38661, 39.489319], [-0.38663, 39.489314], [-0.387444, 39.489131], [-0.388019, 39.489005], [-0.38846, 39.488908], [-0.389282, 39.488711], [-0.389432, 39.488674], [-0.389478, 39.488662], [-0.389563, 39.488641], [-0.389901, 39.48854], [-0.390046, 39.488489], [-0.390366, 39.488375], [-0.390462, 39.488345], [-0.390611, 39.488298], [-0.390747, 39.488256], [-0.390785, 39.48824], [-0.390951, 39.488167], [-0.391807, 39.487796], [-0.392126, 39.487655], [-0.3924, 39.48753], [-0.393349, 39.487106], [-0.393652, 39.486949], [-0.395118, 39.48631], [-0.39558, 39.486129], [-0.395621, 39.486113], [-0.395666, 39.486096], [-0.395863, 39.486013], [-0.396302, 39.485832], [-0.396477, 39.485748], [-0.396681, 39.48565], [-0.396719, 39.485632], [-0.396836, 39.485576], [-0.397427, 39.485322], [-0.397499, 39.485211], [-0.397935, 39.485026], [-0.39796, 39.485009], [-0.397971, 39.484988], [-0.397966, 39.484969], [-0.397952, 39.484942], [-0.397881, 39.484898], [-0.39782, 39.484858], [-0.397773, 39.484817], [-0.397733, 39.484778], [-0.397679, 39.48471], [-0.397546, 39.48458], [-0.397159, 39.484027], [-0.397093, 39.483933]]"
Falla Monestir de Poblet – Aparicio Albiñana (L’Antiga de Campanar),Falla Quart-Extramurs-Velázquez,2237.1,"[[-0.397088, 39.483926], [-0.396998, 39.483797], [-0.396919, 39.483681], [-0.396855, 39.483599], [-0.3967, 39.483407], [-0.396566, 39.483211], [-0.396462, 39.483076], [-0.39626, 39.482771], [-0.396237, 39.482735], [-0.396185, 39.482681], [-0.396079, 39.482546], [-0.396061, 39.482517], [-0.39604, 39.482484], [-0.395985, 39.482395], [-0.395951, 39.482335], [-0.39591, 39.482243], [-0.395884, 39.482177], [-0.395872, 39.482146], [-0.395618, 39.481487], [-0.39556, 39.481355], [-0.395494, 39.481228], [-0.39547, 39.48118], [-0.395454, 39.48115], [-0.395022, 39.480542], [-0.394991, 39.480499], [-0.395723, 39.480183], [-0.396364, 39.479905], [-0.396553, 39.479823], [-0.39677, 39.479728], [-0.396858, 39.479691], [-0.398426, 39.479026], [-0.398537, 39.478979], [-0.398698, 39.478907], [-0.398796, 39.478862], [-0.398819, 39.478851], [-0.399342, 39.47863], [-0.399409, 39.478602], [-0.399492, 39.47857], [-0.399894, 39.478453], [-0.399961, 39.478445], [-0.400036, 39.478442], [-0.400285, 39.478449], [-0.400743, 39.478463], [-0.400891, 39.478469], [-0.401071, 39.478477], [-0.401432, 39.478492], [-0.402218, 39.47852], [-0.402344, 39.478525], [-0.402533, 39.47853], [-0.402574, 39.478532], [-0.403198, 39.478556], [-0.403343, 39.478563], [-0.403543, 39.478573], [-0.404444, 39.478607], [-0.404561, 39.478609], [-0.404637, 39.478605], [-0.404724, 39.478596], [-0.404887, 39.478567], [-0.40583, 39.478385], [-0.405943, 39.478376], [-0.406033, 39.478373], [-0.406382, 39.478383], [-0.406417, 39.478384], [-0.406526, 39.478387], [-0.406643, 39.478376], [-0.406761, 39.478363], [-0.40682, 39.478351], [-0.406863, 39.478338], [-0.406896, 39.47832], [-0.406927, 39.478294], [-0.406887, 39.478099], [-0.406851, 39.477931], [-0.40672, 39.477321], [-0.406506, 39.476306], [-0.406192, 39.474819], [-0.406184, 39.474789], [-0.406177, 39.474766], [-0.406094, 39.474499], [-0.406084, 39.474444], [-0.405814, 39.473171], [-0.405808, 39.473152], [-0.405785, 39.473096], [-0.405942, 39.473081], [-0.406317, 39.473031], [-0.406728, 39.472976], [-0.406947, 39.472941], [-0.407345, 39.472864]]"
Falla Quart-Extramurs-Velázquez,Falla Na Jordana,2757.2,"[[-0.407345, 39.472864], [-0.407455, 39.472843], [-0.407643, 39.472813], [-0.407772, 39.472781], [-0.407618, 39.472767], [-0.40748, 39.47276], [-0.407262, 39.472745], [-0.407113, 39.472731], [-0.406966, 39.472706], [-0.406872, 39.472686], [-0.406742, 39.47266], [-0.406478, 39.472623], [-0.405975, 39.472544], [-0.405732, 39.472634], [-0.405641, 39.47273], [-0.405446, 39.472958], [-0.405373, 39.473023], [-0.40534, 39.473054], [-0.405202, 39.473118], [-0.405027, 39.473174], [-0.404894, 39.473201], [-0.40473, 39.47323], [-0.404343, 39.473275], [-0.403554, 39.473429], [-0.401966, 39.47374], [-0.401833, 39.473766], [-0.399545, 39.474222], [-0.399235, 39.474283], [-0.399192, 39.474291], [-0.399058, 39.474318], [-0.398712, 39.474377], [-0.398647, 39.474412], [-0.398223, 39.474491], [-0.397235, 39.474674], [-0.396676, 39.474788], [-0.395549, 39.475254], [-0.394856, 39.475564], [-0.39332, 39.476251], [-0.393164, 39.476319], [-0.391934, 39.47686], [-0.391781, 39.476928], [-0.391452, 39.477067], [-0.390943, 39.477243], [-0.390345, 39.477408], [-0.389683, 39.477592], [-0.388774, 39.477865], [-0.388612, 39.477912], [-0.38849, 39.477944], [-0.388335, 39.477976], [-0.388202, 39.478001], [-0.388071, 39.478029], [-0.38792, 39.478074], [-0.387795, 39.478119], [-0.387504, 39.478235], [-0.386785, 39.478554], [-0.386738, 39.478574], [-0.385485, 39.479139], [-0.384968, 39.479357], [-0.384614, 39.479514], [-0.384356, 39.479633], [-0.383962, 39.479822], [-0.383803, 39.479904], [-0.383706, 39.479955], [-0.383378, 39.480118], [-0.383313, 39.480134], [-0.383234, 39.480136], [-0.383189, 39.480131], [-0.383153, 39.480124], [-0.383106, 39.480118], [-0.383067, 39.480126], [-0.383037, 39.480151], [-0.382996, 39.480275], [-0.382942, 39.48039], [-0.382916, 39.480432], [-0.382794, 39.480499], [-0.38268, 39.480562], [-0.382617, 39.480593], [-0.382556, 39.48062], [-0.380941, 39.481172], [-0.380865, 39.481193], [-0.380811, 39.481206], [-0.380749, 39.481215], [-0.380673, 39.481222], [-0.380574, 39.481226], [-0.380458, 39.481224], [-0.380403, 39.481219], [-0.380162, 39.481177], [-0.380155, 39.481108], [-0.380151, 39.481064], [-0.380115, 39.480799], [-0.38001, 39.480319]]"
Falla Na Jordana,Falla Reina-Paz-San Vicente (Falla Tio Pep),1193.6,"[[-0.38001, 39.480319], [-0.379891, 39.479779], [-0.37986, 39.479624], [-0.379852, 39.479604], [-0.379841, 39.479583], [-0.379833, 39.479566], [-0.37982, 39.479553], [-0.379738, 39.479492], [-0.379667, 39.479441], [-0.379642, 39.479424], [-0.379634, 39.479413], [-0.379631, 39.479401], [-0.379634, 39.479391], [-0.37964, 39.479376], [-0.379722, 39.479153], [-0.379832, 39.478927], [-0.379908, 39.478728], [-0.379922, 39.478676], [-0.37993, 39.47865], [-0.379952, 39.478564], [-0.379988, 39.478281], [-0.380002, 39.478191], [-0.380006, 39.478164], [-0.379978, 39.477706], [-0.379992, 39.477649], [-0.379977, 39.477628], [-0.379976, 39.477625], [-0.379968, 39.477604], [-0.379956, 39.477494], [-0.379931, 39.477189], [-0.379887, 39.476894], [-0.379869, 39.476697], [-0.379989, 39.476428], [-0.380004, 39.476393], [-0.379796, 39.47643], [-0.379741, 39.476221], [-0.379698, 39.476076], [-0.379694, 39.476063], [-0.37969, 39.476054], [-0.379685, 39.476049], [-0.379673, 39.476042], [-0.379655, 39.476037], [-0.379585, 39.476027], [-0.379564, 39.476015], [-0.379551, 39.476], [-0.379542, 39.47597], [-0.379532, 39.47595], [-0.379472, 39.475876], [-0.379448, 39.475853], [-0.379424, 39.475842], [-0.379394, 39.47584], [-0.379327, 39.475836], [-0.379308, 39.475826], [-0.379298, 39.475808], [-0.379294, 39.475788], [-0.379297, 39.47569], [-0.379287, 39.475658], [-0.379259, 39.47564], [-0.379229, 39.475634], [-0.379143, 39.475633], [-0.379122, 39.475631], [-0.379038, 39.475297], [-0.379032, 39.475281], [-0.379044, 39.475256], [-0.379081, 39.475243], [-0.379195, 39.47524], [-0.379219, 39.475228], [-0.379239, 39.475206], [-0.379395, 39.474983], [-0.379419, 39.474942], [-0.379386, 39.47492], [-0.379158, 39.474769], [-0.379156, 39.474767], [-0.379017, 39.474658], [-0.379024, 39.474651], [-0.378989, 39.474626], [-0.37895, 39.474598], [-0.378925, 39.474566], [-0.378922, 39.474568], [-0.378854, 39.474516], [-0.378817, 39.474499], [-0.378798, 39.474471], [-0.378798, 39.474469], [-0.378651, 39.474343], [-0.378579, 39.474277], [-0.378528, 39.47423], [-0.378528, 39.474227], [-0.3785, 39.474202], [-0.378472, 39.474177], [-0.378469, 39.474176], [-0.378406, 39.47412], [-0.378387, 39.474101], [-0.378361, 39.474075], [-0.378327, 39.47404], [-0.37828, 39.473993], [-0.378243, 39.473953], [-0.378209, 39.473934], [-0.378188, 39.473916], [-0.378106, 39.473836], [-0.378069, 39.473804], [-0.378037, 39.473774], [-0.378009, 39.473747], [-0.377888, 39.47363], [-0.377853, 39.473597], [-0.377785, 39.473531], [-0.377771, 39.473518], [-0.377744, 39.473497], [-0.377696, 39.47345], [-0.377575, 39.473334], [-0.377553, 39.473314], [-0.37754, 39.473302], [-0.377437, 39.473229], [-0.377335, 39.473162], [-0.377365, 39.473126], [-0.377417, 39.473076], [-0.377432, 39.473057], [-0.377468, 39.473039], [-0.377467, 39.473007], [-0.377418, 39.47293], [-0.377388, 39.472864], [-0.377382, 39.472796], [-0.377347, 39.472747], [-0.377378, 39.472752], [-0.377908, 39.472834], [-0.378106, 39.472862], [-0.378392, 39.472892], [-0.378539, 39.472906], [-0.378543, 39.472889], [-0.378663, 39.472491], [-0.378755, 39.472215], [-0.378759, 39.472202]]"
Falla Reina-Paz-San Vicente (Falla Tio Pep),Falla Plaza del Mercado Central,540.7,"[[-0.378759, 39.472202], [-0.378787, 39.472165], [-0.379052, 39.472229], [-0.379617, 39.472377], [-0.379749, 39.472397], [-0.379751, 39.472448], [-0.379752, 39.472493], [-0.379762, 39.47271], [-0.379764, 39.472843], [-0.379767, 39.472919], [-0.379783, 39.473047], [-0.379785, 39.473072], [-0.379786, 39.473101], [-0.379798, 39.473345], [-0.379785, 39.473411], [-0.379767, 39.473457], [-0.37967, 39.473658], [-0.37962, 39.47376], [-0.379586, 39.473834], [-0.379571, 39.473901], [-0.37957, 39.47401], [-0.379597, 39.474163], [-0.3796, 39.474186], [-0.379613, 39.474246], [-0.379658, 39.474444], [-0.379993, 39.474426], [-0.380163, 39.474423], [-0.380535, 39.474424], [-0.381263, 39.474462], [-0.381291, 39.474466], [-0.381294, 39.474422], [-0.381249, 39.474184], [-0.38124, 39.474147], [-0.381237, 39.474115], [-0.381235, 39.473797], [-0.381235, 39.473774]]"
Falla Plaza del Mercado Central,Falla Quart-Palomar,704.2,"[[-0.381235, 39.473774], [-0.381272, 39.473774], [-0.381728, 39.473776], [-0.38193, 39.473776], [-0.382489, 39.473845], [-0.383033, 39.473927], [-0.383076, 39.473934], [-0.383104, 39.473938], [-0.383545, 39.474001], [-0.383586, 39.474007], [-0.383815, 39.474032], [-0.383829, 39.474033], [-0.383939, 39.474046], [-0.383946, 39.474107], [-0.384012, 39.474625], [-0.384018, 39.474679], [-0.384025, 39.474754], [-0.384086, 39.475196], [-0.384102, 39.475338], [-0.384156, 39.47571], [-0.384244, 39.475705], [-0.384332, 39.475697], [-0.384778, 39.475624], [-0.385277, 39.475546], [-0.385436, 39.47552], [-0.385882, 39.475448], [-0.386366, 39.47537], [-0.386712, 39.475314], [-0.386776, 39.475304], [-0.38694, 39.475275], [-0.387004, 39.47527], [-0.387091, 39.475276], [-0.387144, 39.475274], [-0.387383, 39.475231]]"
Falla Quart-Palomar,Falla Espartero-Ramón y Cajal,1148.9,"[[-0.387383, 39.475231], [-0.387917, 39.475135], [-0.387953, 39.475127], [-0.388066, 39.4751], [-0.388103, 39.47509], [-0.388198, 39.47507], [-0.388377, 39.475032], [-0.388422, 39.475023], [-0.388571, 39.474995], [-0.388409, 39.474772], [-0.388239, 39.474508], [-0.388049, 39.474273], [-0.387925, 39.474104], [-0.387851, 39.474], [-0.387483, 39.473486], [-0.386769, 39.472499], [-0.386602, 39.472267], [-0.386445, 39.472045], [-0.386356, 39.471918], [-0.38632, 39.471867], [-0.38621, 39.471723], [-0.3861, 39.471564], [-0.385503, 39.470696], [-0.385354, 39.470506], [-0.385273, 39.470389], [-0.385343, 39.470365], [-0.385369, 39.470351], [-0.385395, 39.470338], [-0.385451, 39.470302], [-0.385497, 39.470274], [-0.385568, 39.470244], [-0.385747, 39.470202], [-0.386177, 39.47011], [-0.38682, 39.469981], [-0.386847, 39.469967], [-0.38686, 39.469953], [-0.386869, 39.469927], [-0.386872, 39.469905], [-0.386865, 39.46987], [-0.386847, 39.469838], [-0.386291, 39.469062], [-0.386243, 39.468993], [-0.386231, 39.468974], [-0.386152, 39.468862], [-0.385506, 39.467941], [-0.385365, 39.46794], [-0.385241, 39.467934], [-0.385021, 39.468205]]"
Falla Espartero-Ramón y Cajal,Falla Plaza del Pilar,475.9,"[[-0.385021, 39.468205], [-0.384525, 39.468815], [-0.384393, 39.468973], [-0.384314, 39.469067], [-0.384179, 39.469242], [-0.384112, 39.469329], [-0.384084, 39.469372], [-0.384056, 39.469419], [-0.383935, 39.469601], [-0.383802, 39.4698], [-0.383541, 39.470233], [-0.383536, 39.470244], [-0.383517, 39.470285], [-0.383482, 39.470368], [-0.383563, 39.470564], [-0.383583, 39.4706], [-0.383605, 39.47064], [-0.383924, 39.471568], [-0.383843, 39.47158], [-0.383211, 39.471669]]"
Falla Plaza del Pilar,Falla San Vicente-Periodista Azzati,712.7,"[[-0.383211, 39.471669], [-0.38311, 39.471683], [-0.383065, 39.47169], [-0.382973, 39.471705], [-0.382666, 39.471752], [-0.382202, 39.471811], [-0.382171, 39.471814], [-0.382126, 39.471825], [-0.381638, 39.471899], [-0.381414, 39.47195], [-0.381339, 39.472026], [-0.381033, 39.472402], [-0.380986, 39.472461], [-0.380811, 39.472682], [-0.380771, 39.472731], [-0.380312, 39.472743], [-0.380221, 39.47275], [-0.379958, 39.472775], [-0.379916, 39.472777], [-0.37988, 39.472774], [-0.379842, 39.472762], [-0.379762, 39.47271], [-0.379752, 39.472493], [-0.379751, 39.472448], [-0.379749, 39.472397], [-0.379732, 39.472026], [-0.37973, 39.471963], [-0.379728, 39.471909], [-0.379711, 39.471371], [-0.379709, 39.471324], [-0.379707, 39.471242], [-0.379705, 39.471216], [-0.379691, 39.470971], [-0.379686, 39.470883], [-0.379684, 39.470846], [-0.37968, 39.470746], [-0.379698, 39.470692], [-0.379719, 39.470664], [-0.379776, 39.4706], [-0.379873, 39.470483], [-0.380016, 39.470286], [-0.380216, 39.470009], [-0.380251, 39.46996], [-0.380295, 39.469899], [-0.380499, 39.469614]]"
Falla San Vicente-Periodista Azzati,Falla Llanterna-Na Rovella-Avda. de l’Oest,695.8,"[[-0.380499, 39.469614], [-0.380673, 39.469371], [-0.380698, 39.469337], [-0.381158, 39.468816], [-0.381253, 39.468719], [-0.38147, 39.468829], [-0.382002, 39.469236], [-0.382633, 39.469727], [-0.382676, 39.469761], [-0.383378, 39.470317], [-0.383415, 39.470344], [-0.383482, 39.470368], [-0.383563, 39.470564], [-0.383583, 39.4706], [-0.383605, 39.47064], [-0.383924, 39.471568], [-0.383948, 39.471693], [-0.38399, 39.471919], [-0.383994, 39.472133], [-0.383995, 39.472187], [-0.383996, 39.47246], [-0.3839, 39.472472], [-0.383154, 39.472534]]"
Falla Llanterna-Na Rovella-Avda. de l’Oest,Falla Plaza de la Merced,39.0,"[[-0.383154, 39.472534], [-0.382703, 39.472571]]"
Falla Plaza de la Merced,Falla Ribera-Convento Santa Clara,778.4,"[[-0.382703, 39.472571], [-0.38234, 39.472601], [-0.382318, 39.472603], [-0.381767, 39.472648], [-0.380832, 39.472726], [-0.380771, 39.472731], [-0.380312, 39.472743], [-0.380221, 39.47275], [-0.379958, 39.472775], [-0.379916, 39.472777], [-0.37988, 39.472774], [-0.379842, 39.472762], [-0.379762, 39.47271], [-0.379752, 39.472493], [-0.379751, 39.472448], [-0.379749, 39.472397], [-0.379732, 39.472026], [-0.37973, 39.471963], [-0.379728, 39.471909], [-0.379711, 39.471371], [-0.379709, 39.471324], [-0.379707, 39.471242], [-0.379705, 39.471216], [-0.379691, 39.470971], [-0.379686, 39.470883], [-0.379684, 39.470846], [-0.37968, 39.470746], [-0.379665, 39.470315], [-0.379663, 39.470195], [-0.379653, 39.469852], [-0.379649, 39.469774], [-0.379624, 39.46963], [-0.379602, 39.469032], [-0.379592, 39.468955], [-0.379565, 39.468909], [-0.379551, 39.468886], [-0.379513, 39.468858], [-0.379427, 39.468811], [-0.379296, 39.468784], [-0.378516, 39.468635], [-0.378497, 39.468631]]"
Falla Ribera-Convento Santa Clara,Falla Convento Jerusalén-Matemático Marzal,800.0,"[[-0.378497, 39.468631], [-0.377956, 39.468522], [-0.377751, 39.468481], [-0.377192, 39.468365], [-0.377093, 39.468344], [-0.376987, 39.468324], [-0.377041, 39.467924], [-0.377057, 39.467815], [-0.377075, 39.467761], [-0.377099, 39.467683], [-0.377121, 39.467601], [-0.377307, 39.467651], [-0.377687, 39.467745], [-0.377775, 39.467765], [-0.377841, 39.46778], [-0.377884, 39.467782], [-0.37798, 39.467778], [-0.378067, 39.467783], [-0.378095, 39.467789], [-0.378155, 39.467803], [-0.378606, 39.467919], [-0.378733, 39.467955], [-0.378816, 39.467982], [-0.378889, 39.467919], [-0.378917, 39.467869], [-0.379465, 39.466589], [-0.379529, 39.46644], [-0.379601, 39.466284], [-0.379837, 39.465756], [-0.380395, 39.465892], [-0.380478, 39.465888], [-0.380445, 39.465964], [-0.380201, 39.466546], [-0.38019, 39.466602], [-0.380129, 39.466587], [-0.379878, 39.466528]]"
Falla Convento Jerusalén-Matemático Marzal,Falla Jerónima Galés-Litógrafo Pascual y Abad,2849.1,"[[-0.379878, 39.466528], [-0.379727, 39.466493], [-0.379529, 39.46644], [-0.379601, 39.466284], [-0.379837, 39.465756], [-0.380066, 39.465223], [-0.380112, 39.465115], [-0.380163, 39.465001], [-0.380296, 39.464723], [-0.380354, 39.464583], [-0.380379, 39.464525], [-0.380408, 39.464477], [-0.380439, 39.464456], [-0.380494, 39.464431], [-0.380532, 39.46442], [-0.380573, 39.464421], [-0.380612, 39.464441], [-0.380648, 39.464476], [-0.380685, 39.464504], [-0.380815, 39.46467], [-0.380851, 39.464705], [-0.380889, 39.464738], [-0.380942, 39.464829], [-0.381061, 39.465], [-0.381348, 39.465405], [-0.381372, 39.465437], [-0.381449, 39.465544], [-0.381571, 39.465726], [-0.381598, 39.465761], [-0.381645, 39.465828], [-0.381725, 39.465947], [-0.381762, 39.466], [-0.38177, 39.466011], [-0.382263, 39.466713], [-0.382383, 39.466896], [-0.382396, 39.466916], [-0.382533, 39.467125], [-0.382564, 39.467172], [-0.382716, 39.466994], [-0.382784, 39.466917], [-0.382898, 39.466785], [-0.383536, 39.466048], [-0.383585, 39.465989], [-0.383622, 39.465947], [-0.383652, 39.465913], [-0.38371, 39.465848], [-0.383872, 39.465657], [-0.384089, 39.465405], [-0.384685, 39.464722], [-0.384886, 39.464482], [-0.385055, 39.464293], [-0.385173, 39.46415], [-0.385209, 39.464108], [-0.385288, 39.464016], [-0.385588, 39.463673], [-0.385636, 39.463619], [-0.385764, 39.46348], [-0.385959, 39.463267], [-0.386292, 39.462879], [-0.386424, 39.462725], [-0.386458, 39.462687], [-0.386512, 39.46262], [-0.386595, 39.462512], [-0.386624, 39.462479], [-0.386676, 39.462417], [-0.38671, 39.462376], [-0.386788, 39.462303], [-0.386846, 39.46225], [-0.386887, 39.4622], [-0.387337, 39.46166], [-0.387482, 39.461486], [-0.38808, 39.4608], [-0.388316, 39.460522], [-0.388368, 39.46045], [-0.38839, 39.460406], [-0.388392, 39.460364], [-0.388391, 39.460351], [-0.388387, 39.460323], [-0.388234, 39.459646], [-0.388282, 39.45956], [-0.388348, 39.459504], [-0.388363, 39.459481], [-0.388584, 39.459141], [-0.388659, 39.459027], [-0.388842, 39.458758], [-0.389055, 39.458444], [-0.3891, 39.458376], [-0.389382, 39.457959], [-0.389456, 39.45785], [-0.389527, 39.457744], [-0.389661, 39.457545], [-0.389925, 39.457138], [-0.390261, 39.456642], [-0.390413, 39.45641], [-0.390453, 39.456302], [-0.390652, 39.455999], [-0.390738, 39.455875], [-0.390894, 39.455642], [-0.391035, 39.455436], [-0.391331, 39.454997], [-0.391457, 39.454802], [-0.391731, 39.454399], [-0.391763, 39.454348], [-0.391805, 39.454285], [-0.39197, 39.454036], [-0.392197, 39.453689], [-0.392424, 39.453353], [-0.392596, 39.453105], [-0.392716, 39.452925], [-0.392863, 39.452708], [-0.392924, 39.45262], [-0.393186, 39.452226], [-0.393426, 39.451868], [-0.393511, 39.451736], [-0.393772, 39.451336], [-0.394011, 39.450985], [-0.394341, 39.450501], [-0.394445, 39.450548], [-0.39464, 39.450621], [-0.39467, 39.450629], [-0.394691, 39.450643], [-0.394702, 39.450659], [-0.394647, 39.450924], [-0.394648, 39.450951], [-0.394657, 39.450973], [-0.394681, 39.450992], [-0.394791, 39.451006], [-0.394822, 39.451006]]"
Falla Jerónima Galés-Litógrafo Pascual y Abad,Falla Arzobispo Olaechea-San Marcelino,1368.3,"[[-0.394822, 39.451006], [-0.394844, 39.451], [-0.394861, 39.45099], [-0.39487, 39.450978], [-0.394918, 39.450726], [-0.39492, 39.450709], [-0.394917, 39.450694], [-0.394902, 39.450677], [-0.39489, 39.450672], [-0.394752, 39.450619], [-0.394739, 39.450618], [-0.394727, 39.450621], [-0.394709, 39.450625], [-0.394687, 39.450631], [-0.39467, 39.450629], [-0.39464, 39.450621], [-0.394445, 39.450548], [-0.394341, 39.450501], [-0.394428, 39.450372], [-0.394605, 39.450182], [-0.394628, 39.450151], [-0.394639, 39.450134], [-0.394667, 39.450105], [-0.394712, 39.450081], [-0.394763, 39.450066], [-0.39484, 39.450052], [-0.394891, 39.450034], [-0.394945, 39.45], [-0.394989, 39.449958], [-0.395071, 39.44983], [-0.394684, 39.449538], [-0.394563, 39.449445], [-0.393397, 39.448551], [-0.392769, 39.448066], [-0.392665, 39.447989], [-0.392585, 39.447934], [-0.392485, 39.447872], [-0.392387, 39.447816], [-0.392352, 39.4478], [-0.392082, 39.447694], [-0.390437, 39.447316], [-0.390403, 39.447309], [-0.39025, 39.447276], [-0.390227, 39.447152], [-0.390209, 39.447113], [-0.390189, 39.447089], [-0.390168, 39.447064], [-0.390146, 39.447047], [-0.390077, 39.446993], [-0.390072, 39.446886], [-0.390074, 39.446849], [-0.390097, 39.446779], [-0.390105, 39.446759], [-0.390276, 39.446327], [-0.390286, 39.44623], [-0.390295, 39.446143], [-0.390502, 39.445606], [-0.390525, 39.445547], [-0.390778, 39.444897], [-0.390799, 39.444872], [-0.390835, 39.444824], [-0.39115, 39.444005], [-0.39116, 39.44399], [-0.391165, 39.443984], [-0.391188, 39.443971], [-0.391217, 39.443962], [-0.391255, 39.443957], [-0.392204, 39.444181], [-0.392232, 39.444113], [-0.392602, 39.44318], [-0.392851, 39.44324], [-0.393309, 39.443346]]"
Falla Arzobispo Olaechea-San Marcelino,Falla Cuba-Literato Azorín,3633.2,"[[-0.393309, 39.443346], [-0.392851, 39.44324], [-0.392602, 39.44318], [-0.39181, 39.442994], [-0.391278, 39.442869], [-0.391191, 39.442849], [-0.390518, 39.44269], [-0.390408, 39.442677], [-0.390468, 39.442505], [-0.390493, 39.442379], [-0.39047, 39.442246], [-0.390402, 39.442118], [-0.390394, 39.442065], [-0.390385, 39.442004], [-0.390383, 39.441979], [-0.390378, 39.441886], [-0.390387, 39.441873], [-0.390407, 39.441835], [-0.390416, 39.441794], [-0.390415, 39.441753], [-0.390403, 39.441713], [-0.390381, 39.441675], [-0.390366, 39.44166], [-0.390349, 39.441642], [-0.390308, 39.441613], [-0.390261, 39.441592], [-0.390208, 39.441578], [-0.390153, 39.441574], [-0.390098, 39.441578], [-0.390046, 39.44159], [-0.389998, 39.441611], [-0.389958, 39.441638], [-0.389925, 39.441671], [-0.389901, 39.441709], [-0.389888, 39.44175], [-0.389817, 39.441764], [-0.389732, 39.441781], [-0.389537, 39.441814], [-0.388477, 39.441967], [-0.388382, 39.44196], [-0.388302, 39.441945], [-0.388287, 39.44193], [-0.38827, 39.441916], [-0.388227, 39.441889], [-0.388178, 39.441869], [-0.388125, 39.441857], [-0.38807, 39.441854], [-0.388004, 39.441862], [-0.387943, 39.441881], [-0.387889, 39.441911], [-0.387846, 39.441951], [-0.387824, 39.441983], [-0.387809, 39.442019], [-0.387802, 39.442055], [-0.387804, 39.442092], [-0.387814, 39.442128], [-0.387832, 39.442163], [-0.387857, 39.442194], [-0.38789, 39.44228], [-0.387908, 39.442342], [-0.387912, 39.442412], [-0.387907, 39.442468], [-0.387724, 39.442906], [-0.387678, 39.443081], [-0.387555, 39.443391], [-0.387542, 39.443426], [-0.387188, 39.444313], [-0.386793, 39.445328], [-0.386768, 39.445409], [-0.386645, 39.445702], [-0.38657, 39.445776], [-0.386472, 39.445815], [-0.386387, 39.445846], [-0.386329, 39.445879], [-0.386261, 39.44596], [-0.386237, 39.446006], [-0.386175, 39.446167], [-0.386159, 39.446207], [-0.386145, 39.446244], [-0.386119, 39.446311], [-0.386067, 39.446453], [-0.386032, 39.446539], [-0.385985, 39.446661], [-0.385969, 39.446705], [-0.385955, 39.446746], [-0.385934, 39.44681], [-0.385935, 39.446884], [-0.385963, 39.446938], [-0.385989, 39.446975], [-0.386, 39.446991], [-0.38602, 39.44702], [-0.386035, 39.447039], [-0.386049, 39.447084], [-0.386051, 39.447117], [-0.386042, 39.447168], [-0.385999, 39.447292], [-0.385976, 39.447334], [-0.385907, 39.447447], [-0.38585, 39.447557], [-0.38578, 39.447682], [-0.385737, 39.447786], [-0.385695, 39.447893], [-0.385664, 39.447972], [-0.385656, 39.448021], [-0.385645, 39.448142], [-0.385576, 39.448525], [-0.385504, 39.448737], [-0.385465, 39.448855], [-0.385441, 39.448926], [-0.385267, 39.449487], [-0.385259, 39.449522], [-0.384936, 39.451091], [-0.384868, 39.451416], [-0.384849, 39.451515], [-0.384743, 39.45203], [-0.384663, 39.45243], [-0.384641, 39.452547], [-0.384622, 39.45265], [-0.384447, 39.45351], [-0.384398, 39.453748], [-0.384383, 39.453837], [-0.384268, 39.454415], [-0.38423, 39.454612], [-0.38416, 39.454969], [-0.384135, 39.455079], [-0.383919, 39.456114], [-0.383913, 39.45614], [-0.383897, 39.456213], [-0.383877, 39.456284], [-0.383683, 39.456993], [-0.383596, 39.457133], [-0.383458, 39.457194], [-0.383355, 39.457215], [-0.383233, 39.457216], [-0.383124, 39.457189], [-0.382459, 39.456282], [-0.38233, 39.456113], [-0.382248, 39.456023], [-0.382143, 39.455919], [-0.381975, 39.455779], [-0.381885, 39.455713], [-0.381802, 39.455657], [-0.381676, 39.455583], [-0.381525, 39.455507], [-0.381382, 39.455445], [-0.381241, 39.455394], [-0.38113, 39.45536], [-0.380971, 39.455319], [-0.380791, 39.455284], [-0.380662, 39.455265], [-0.380447, 39.455248], [-0.380262, 39.455243], [-0.380039, 39.455252], [-0.379833, 39.455278], [-0.379555, 39.45533], [-0.379177, 39.455449], [-0.377992, 39.455937], [-0.377097, 39.456306], [-0.376723, 39.456451], [-0.376677, 39.456455], [-0.376346, 39.456578], [-0.376303, 39.456594], [-0.376117, 39.456686], [-0.376046, 39.456636], [-0.375963, 39.456599], [-0.375871, 39.456577], [-0.375768, 39.456569], [-0.375669, 39.456574], [-0.375577, 39.456597], [-0.375494, 39.456635], [-0.375422, 39.456685], [-0.375365, 39.456745], [-0.375353, 39.456763], [-0.37532, 39.45683], [-0.375306, 39.456887], [-0.375305, 39.45695], [-0.375314, 39.456999], [-0.375332, 39.457047], [-0.37536, 39.457094], [-0.375396, 39.457138], [-0.375439, 39.457176], [-0.375489, 39.457209], [-0.375544, 39.457237], [-0.375604, 39.457258], [-0.375668, 39.457272], [-0.375733, 39.45728], [-0.375827, 39.457368], [-0.375872, 39.45742], [-0.375902, 39.457452], [-0.376258, 39.457909], [-0.376357, 39.458027], [-0.376509, 39.458207], [-0.376796, 39.458533], [-0.377168, 39.459005], [-0.377255, 39.459115], [-0.377122, 39.459171], [-0.376415, 39.459471]]"
Falla Cuba-Literato Azorín,Falla Sueca-Literato Azorín,720.0,"[[-0.376415, 39.459471], [-0.375585, 39.459823], [-0.375544, 39.459839], [-0.375087, 39.4592], [-0.374652, 39.458583], [-0.374842, 39.458499], [-0.376164, 39.457948], [-0.376258, 39.457909], [-0.376357, 39.458027], [-0.376509, 39.458207], [-0.376796, 39.458533], [-0.377168, 39.459005], [-0.377255, 39.459115], [-0.377318, 39.459204], [-0.377671, 39.459707], [-0.377536, 39.459765], [-0.376813, 39.460076]]"
Falla Sueca-Literato Azorín,Falla Regne de Valencia-Duque de Calabria,1024.4,"[[-0.376813, 39.460076], [-0.376031, 39.460412], [-0.376001, 39.460423], [-0.375966, 39.46044], [-0.375544, 39.459839], [-0.374315, 39.460347], [-0.372945, 39.460917], [-0.372767, 39.460994], [-0.371657, 39.461466], [-0.371547, 39.4615], [-0.371281, 39.461598], [-0.370787, 39.461811], [-0.370686, 39.461865], [-0.370607, 39.461904], [-0.369769, 39.462254], [-0.36878, 39.462663], [-0.36788, 39.463051], [-0.367792, 39.463088], [-0.367712, 39.463124], [-0.367241, 39.463333], [-0.367218, 39.463354], [-0.367206, 39.463382], [-0.367201, 39.463413], [-0.367199, 39.463443], [-0.367198, 39.46349], [-0.3672, 39.463516], [-0.367196, 39.463537], [-0.367178, 39.463577], [-0.367161, 39.463603], [-0.367145, 39.463617], [-0.367119, 39.46363], [-0.367101, 39.463638], [-0.367064, 39.463655], [-0.367007, 39.463677], [-0.366965, 39.463682], [-0.366953, 39.46368]]"
Falla Regne de Valencia-Duque de Calabria,Falla Císcar-Burriana,563.1,"[[-0.366953, 39.46368], [-0.366923, 39.463676], [-0.366898, 39.46367], [-0.366712, 39.463631], [-0.366664, 39.463621], [-0.36662, 39.46362], [-0.366578, 39.463622], [-0.366537, 39.463632], [-0.366384, 39.463693], [-0.365672, 39.463989], [-0.36527, 39.463417], [-0.365304, 39.463401], [-0.36537, 39.463333], [-0.365392, 39.463309], [-0.365424, 39.463274], [-0.366356, 39.463474], [-0.366491, 39.463503], [-0.366926, 39.4636], [-0.366947, 39.463605], [-0.367101, 39.463638], [-0.367064, 39.463655], [-0.366995, 39.463711], [-0.36697, 39.463741], [-0.366966, 39.463762], [-0.366968, 39.463786], [-0.367603, 39.464739], [-0.36793, 39.465201]]"
Falla Císcar-Burriana,Falla Maestro Gozalbo-Conde de Altea,639.1,"[[-0.36793, 39.465201], [-0.36839, 39.465851], [-0.369016, 39.466732], [-0.368892, 39.466785], [-0.368982, 39.466933], [-0.369066, 39.467069], [-0.369232, 39.466999], [-0.369354, 39.466948], [-0.369505, 39.466884], [-0.369956, 39.466694], [-0.370105, 39.466631], [-0.370247, 39.466572], [-0.370383, 39.466516], [-0.370527, 39.466456], [-0.370957, 39.466275], [-0.371081, 39.466222], [-0.371245, 39.466151], [-0.37142, 39.466074], [-0.371564, 39.466012], [-0.371943, 39.465847], [-0.372075, 39.465789], [-0.37222, 39.465726], [-0.372385, 39.465654], [-0.372303, 39.465535], [-0.372215, 39.465407], [-0.372062, 39.465469], [-0.371921, 39.46526]]"
Falla Maestro Gozalbo-Conde de Altea,Falla Almirante Cadarso-Conde de Altea,540.1,"[[-0.371921, 39.46526], [-0.371633, 39.46483], [-0.37156, 39.464718], [-0.371527, 39.46467], [-0.371498, 39.464636], [-0.371475, 39.464612], [-0.371451, 39.464588], [-0.371428, 39.464555], [-0.371378, 39.464488], [-0.371321, 39.46441], [-0.369892, 39.464101], [-0.369867, 39.464105], [-0.369852, 39.464118], [-0.369847, 39.464133], [-0.369853, 39.464154], [-0.369864, 39.464168], [-0.369901, 39.464219], [-0.369925, 39.464255], [-0.36998, 39.464329], [-0.370428, 39.464989], [-0.369412, 39.465419], [-0.368475, 39.465815]]"
Falla Almirante Cadarso-Conde de Altea,Falla Conde de Salvatierra-Cirilo Amorós-Mercat de Colón,413.3,"[[-0.368475, 39.465815], [-0.36839, 39.465851], [-0.369016, 39.466732], [-0.368892, 39.466785], [-0.368982, 39.466933], [-0.369066, 39.467069], [-0.369232, 39.466999], [-0.369326, 39.467141], [-0.369794, 39.467848], [-0.36989, 39.467992], [-0.369991, 39.468135], [-0.370488, 39.468827]]"
Falla Conde de Salvatierra-Cirilo Amorós-Mercat de Colón,Falla Grabador Esteve-Cirilo Amorós,1127.2,"[[-0.370488, 39.468827], [-0.371051, 39.469611], [-0.3711, 39.469678], [-0.371145, 39.469712], [-0.371899, 39.469186], [-0.371932, 39.469163], [-0.372039, 39.469089], [-0.371973, 39.469039], [-0.371957, 39.469017], [-0.37102, 39.467695], [-0.370921, 39.467555], [-0.370759, 39.467624], [-0.370073, 39.467914], [-0.36989, 39.467992], [-0.369721, 39.468063], [-0.368985, 39.468375], [-0.368795, 39.468455], [-0.368376, 39.468632], [-0.36765, 39.46894], [-0.367737, 39.469064], [-0.367986, 39.469416], [-0.368069, 39.469532], [-0.368581, 39.470257], [-0.369863, 39.470261], [-0.369939, 39.470241], [-0.369974, 39.470216], [-0.369988, 39.470171], [-0.369433, 39.469376]]"
Falla Grabador Esteve-Cirilo Amorós,Falla Exposición-Misser Mascó,1492.4,"[[-0.369433, 39.469376], [-0.369121, 39.468928], [-0.368893, 39.468594], [-0.368795, 39.468455], [-0.368376, 39.468632], [-0.36765, 39.46894], [-0.36748, 39.469012], [-0.366499, 39.469427], [-0.365402, 39.469892], [-0.365342, 39.469917], [-0.365217, 39.46996], [-0.365155, 39.46997], [-0.365051, 39.469976], [-0.365006, 39.469963], [-0.364943, 39.469959], [-0.364905, 39.469965], [-0.364866, 39.469982], [-0.364842, 39.470003], [-0.364823, 39.470025], [-0.36482, 39.470054], [-0.364826, 39.470091], [-0.364923, 39.470244], [-0.364949, 39.470281], [-0.365058, 39.470432], [-0.365155, 39.470604], [-0.365166, 39.470633], [-0.365167, 39.470656], [-0.365158, 39.470679], [-0.365127, 39.470713], [-0.365082, 39.470736], [-0.363567, 39.47142], [-0.363412, 39.47149], [-0.36337, 39.471509], [-0.363194, 39.471586], [-0.363095, 39.471664], [-0.362849, 39.471784], [-0.362796, 39.471806], [-0.362726, 39.471829], [-0.362676, 39.471836], [-0.362625, 39.471844], [-0.362496, 39.471903], [-0.362264, 39.472013], [-0.361684, 39.472288], [-0.360529, 39.472852], [-0.360421, 39.4729], [-0.360293, 39.472956], [-0.360232, 39.472986], [-0.360181, 39.473017], [-0.360145, 39.473047], [-0.360054, 39.473143], [-0.360029, 39.473178], [-0.360003, 39.473219], [-0.359998, 39.473226], [-0.359863, 39.473533], [-0.35977, 39.473755], [-0.359562, 39.474189], [-0.359502, 39.474302], [-0.359462, 39.474353], [-0.359424, 39.474394], [-0.359412, 39.474444], [-0.359425, 39.474484], [-0.35945, 39.474509], [-0.359482, 39.474538], [-0.359504, 39.474558], [-0.359562, 39.474584], [-0.359583, 39.474592], [-0.359622, 39.474607], [-0.35999, 39.474711], [-0.360071, 39.474735], [-0.360861, 39.474964], [-0.360965, 39.474993], [-0.361095, 39.47503], [-0.361127, 39.47504], [-0.36188, 39.475256]]"
Falla Exposición-Misser Mascó,Falla Duc de Gaeta-Pobla de Farnals,1838.4,"[[-0.36188, 39.475256], [-0.361933, 39.475271], [-0.362009, 39.475292], [-0.362036, 39.475232], [-0.362054, 39.475194], [-0.362199, 39.474884], [-0.362297, 39.474676], [-0.362625, 39.473976], [-0.362669, 39.473882], [-0.362583, 39.473858], [-0.362375, 39.473799], [-0.361861, 39.473654], [-0.36168, 39.473602], [-0.361652, 39.473594], [-0.361075, 39.473429], [-0.360956, 39.473395], [-0.360845, 39.473364], [-0.360755, 39.473299], [-0.36072, 39.473268], [-0.360703, 39.473248], [-0.360672, 39.473212], [-0.360482, 39.472988], [-0.360444, 39.472933], [-0.360421, 39.4729], [-0.360359, 39.472827], [-0.359698, 39.472074], [-0.359569, 39.471969], [-0.35904, 39.471686], [-0.358885, 39.47159], [-0.358433, 39.471461], [-0.358398, 39.471451], [-0.358248, 39.471413], [-0.357773, 39.47138], [-0.357741, 39.471447], [-0.357728, 39.471471], [-0.357373, 39.472179], [-0.357352, 39.472218], [-0.357315, 39.472291], [-0.357224, 39.472264], [-0.357189, 39.472254], [-0.356671, 39.472107], [-0.356445, 39.472038], [-0.356053, 39.47192], [-0.355758, 39.471832], [-0.355618, 39.47179], [-0.354838, 39.471559], [-0.354788, 39.471518], [-0.354759, 39.471482], [-0.354738, 39.471441], [-0.354733, 39.471387], [-0.354713, 39.47134], [-0.354685, 39.471303], [-0.354635, 39.471272], [-0.354604, 39.471269], [-0.354564, 39.471264], [-0.354507, 39.471267], [-0.354386, 39.471281], [-0.354245, 39.471313], [-0.354141, 39.471353], [-0.353986, 39.471301], [-0.35335, 39.471118], [-0.35247, 39.470858], [-0.35116, 39.470471], [-0.34973, 39.47005], [-0.349693, 39.470037], [-0.349631, 39.470015], [-0.349581, 39.46998], [-0.349577, 39.46996], [-0.34961, 39.469856], [-0.349615, 39.469846], [-0.349869, 39.469246], [-0.349893, 39.46919], [-0.349947, 39.469064], [-0.350058, 39.469098], [-0.350456, 39.469219], [-0.350957, 39.469372], [-0.351278, 39.468592]]"
Falla Duc de Gaeta-Pobla de Farnals,Falla Islas Canarias-Trafalgar-Samuel Ros,925.4,"[[-0.351278, 39.468592], [-0.351427, 39.468231], [-0.351434, 39.468212], [-0.351435, 39.468142], [-0.350569, 39.467883], [-0.350532, 39.467872], [-0.35044, 39.46785], [-0.350485, 39.467736], [-0.350639, 39.467392], [-0.351318, 39.465724], [-0.351336, 39.46568], [-0.351346, 39.465649], [-0.351395, 39.465528], [-0.351249, 39.465484], [-0.351178, 39.465465], [-0.351028, 39.46542], [-0.35034, 39.465215], [-0.350287, 39.465199], [-0.350181, 39.465168], [-0.350018, 39.46512], [-0.349573, 39.464987], [-0.348787, 39.464753], [-0.348748, 39.464742], [-0.348691, 39.464725], [-0.348513, 39.464671], [-0.348098, 39.464549], [-0.348056, 39.464536], [-0.347893, 39.464487], [-0.347992, 39.464407], [-0.348087, 39.464328], [-0.348155, 39.464269], [-0.348205, 39.464284], [-0.348639, 39.464412], [-0.34877, 39.464451], [-0.34887, 39.46448], [-0.348917, 39.464382], [-0.349242, 39.463727]]"
Falla Islas Canarias-Trafalgar-Samuel Ros,Falla Justo Vilar-Mercado del Cabañal,2036.3,"[[-0.349242, 39.463727], [-0.349429, 39.46335], [-0.349461, 39.463283], [-0.348181, 39.4629], [-0.348081, 39.462868], [-0.348043, 39.462948], [-0.347753, 39.463535], [-0.347595, 39.463855], [-0.347537, 39.46397], [-0.347525, 39.463995], [-0.347486, 39.464069], [-0.34768, 39.464128], [-0.347999, 39.464223], [-0.348066, 39.464243], [-0.348155, 39.464269], [-0.348205, 39.464284], [-0.348639, 39.464412], [-0.348561, 39.464572], [-0.348513, 39.464671], [-0.348098, 39.464549], [-0.348056, 39.464536], [-0.347893, 39.464487], [-0.347503, 39.464372], [-0.347453, 39.464357], [-0.347305, 39.464313], [-0.347236, 39.464293], [-0.347192, 39.46428], [-0.34657, 39.464095], [-0.346499, 39.464074], [-0.346395, 39.464044], [-0.346318, 39.46402], [-0.34618, 39.463979], [-0.34598, 39.463919], [-0.345529, 39.463785], [-0.345466, 39.463767], [-0.345309, 39.46372], [-0.344183, 39.463385], [-0.344141, 39.463373], [-0.344024, 39.463338], [-0.343027, 39.463042], [-0.342929, 39.463013], [-0.342882, 39.462999], [-0.342719, 39.46295], [-0.341682, 39.462642], [-0.341632, 39.462627], [-0.341528, 39.462596], [-0.341487, 39.46268], [-0.341476, 39.462702], [-0.341397, 39.462863], [-0.341318, 39.463024], [-0.341173, 39.463319], [-0.340744, 39.464194], [-0.340483, 39.464727], [-0.340214, 39.465271], [-0.340177, 39.465352], [-0.340156, 39.465393], [-0.340145, 39.465414], [-0.339954, 39.465795], [-0.339372, 39.466993], [-0.33933, 39.46709], [-0.339314, 39.467176], [-0.339299, 39.467253], [-0.339153, 39.46756], [-0.339107, 39.467653], [-0.33906, 39.467753], [-0.338965, 39.467955], [-0.338912, 39.467939], [-0.338853, 39.467922], [-0.337, 39.467386], [-0.336927, 39.467365], [-0.336875, 39.467345], [-0.336831, 39.467332], [-0.336151, 39.467133], [-0.335728, 39.46701]]"
Falla Justo Vilar-Mercado del Cabañal,Falla Malvarrosa-Ponz-Cavite,2843.1,"[[-0.335728, 39.46701], [-0.335414, 39.466918], [-0.335375, 39.466905], [-0.335314, 39.466888], [-0.335233, 39.466864], [-0.335254, 39.466751], [-0.335378, 39.46623], [-0.335388, 39.466193], [-0.335411, 39.466127], [-0.33548, 39.466097], [-0.335526, 39.466084], [-0.335584, 39.466081], [-0.33563, 39.466089], [-0.336239, 39.466267], [-0.336261, 39.466225], [-0.336282, 39.466183], [-0.335605, 39.465979], [-0.335566, 39.465969], [-0.335477, 39.465945], [-0.335424, 39.465937], [-0.335379, 39.465937], [-0.335323, 39.46595], [-0.335272, 39.466089], [-0.335259, 39.466127], [-0.335156, 39.46654], [-0.335095, 39.466806], [-0.335057, 39.467032], [-0.335053, 39.46706], [-0.335002, 39.467353], [-0.334867, 39.468251], [-0.334861, 39.468289], [-0.334842, 39.468377], [-0.334789, 39.468738], [-0.334776, 39.468813], [-0.334763, 39.468881], [-0.334766, 39.469127], [-0.33479, 39.46935], [-0.334844, 39.469583], [-0.334915, 39.469714], [-0.334978, 39.469846], [-0.335001, 39.469944], [-0.335015, 39.470002], [-0.335009, 39.470163], [-0.334983, 39.470251], [-0.334842, 39.47048], [-0.334724, 39.470632], [-0.334606, 39.470791], [-0.334585, 39.470819], [-0.334451, 39.470994], [-0.334321, 39.471241], [-0.33424, 39.471463], [-0.334234, 39.471494], [-0.334227, 39.471533], [-0.334205, 39.471659], [-0.334029, 39.472553], [-0.334022, 39.47259], [-0.333995, 39.472744], [-0.333966, 39.472928], [-0.333944, 39.473059], [-0.333922, 39.473175], [-0.333864, 39.473475], [-0.333816, 39.473729], [-0.333809, 39.473763], [-0.333779, 39.473919], [-0.333724, 39.474206], [-0.333705, 39.474305], [-0.333625, 39.474722], [-0.333601, 39.474847], [-0.33356, 39.475062], [-0.333543, 39.475147], [-0.333527, 39.47523], [-0.333477, 39.475489], [-0.333399, 39.475899], [-0.33339, 39.475939], [-0.333379, 39.475973], [-0.333316, 39.476103], [-0.333253, 39.476113], [-0.333193, 39.47613], [-0.333137, 39.476154], [-0.333057, 39.476209], [-0.332998, 39.476278], [-0.332984, 39.476303], [-0.332963, 39.476367], [-0.332959, 39.476432], [-0.332973, 39.476495], [-0.333004, 39.476555], [-0.333049, 39.476608], [-0.333108, 39.476654], [-0.333178, 39.476688], [-0.333194, 39.476823], [-0.333188, 39.476854], [-0.332988, 39.477962], [-0.332857, 39.478664], [-0.332777, 39.479091], [-0.332761, 39.479177], [-0.33271, 39.479486], [-0.332655, 39.479633], [-0.332633, 39.479707], [-0.332619, 39.47975], [-0.332457, 39.480584], [-0.332448, 39.480678], [-0.332139, 39.482254], [-0.331668, 39.484086], [-0.331636, 39.484147], [-0.331599, 39.484179], [-0.331556, 39.4842], [-0.331498, 39.484211], [-0.331403, 39.484217], [-0.331324, 39.484214], [-0.331254, 39.4842], [-0.331222, 39.484182], [-0.331199, 39.484156], [-0.33119, 39.484121], [-0.331199, 39.484071], [-0.331333, 39.483431], [-0.330746, 39.483347], [-0.330382, 39.483294], [-0.330553, 39.482648], [-0.33059, 39.482578], [-0.330855, 39.481403], [-0.330925, 39.481089]]"
Falla Malvarrosa-Ponz-Cavite,Falla Santa Genoveva Torres-Arquitecte Tolsà (la Nova de Orriols),5281.0,"[[-0.330925, 39.481089], [-0.331077, 39.480403], [-0.331892, 39.480509], [-0.332351, 39.480568], [-0.332457, 39.480584], [-0.332604, 39.480615], [-0.332627, 39.480586], [-0.332653, 39.480544], [-0.33268, 39.480488], [-0.332696, 39.480444], [-0.332838, 39.479724], [-0.332874, 39.479541], [-0.332886, 39.479468], [-0.332957, 39.479108], [-0.333021, 39.478773], [-0.33331, 39.477268], [-0.333382, 39.476881], [-0.333387, 39.476854], [-0.333413, 39.47672], [-0.333473, 39.47671], [-0.33353, 39.476694], [-0.333583, 39.476671], [-0.333632, 39.476642], [-0.333718, 39.476651], [-0.333804, 39.476661], [-0.33398, 39.476711], [-0.334068, 39.476737], [-0.33524, 39.477074], [-0.335294, 39.477089], [-0.338162, 39.477915], [-0.338194, 39.477924], [-0.338225, 39.477933], [-0.338325, 39.477962], [-0.340041, 39.478455], [-0.340074, 39.478465], [-0.340111, 39.478476], [-0.340258, 39.478518], [-0.34189, 39.478989], [-0.341932, 39.479], [-0.342095, 39.479047], [-0.343086, 39.479336], [-0.343736, 39.479519], [-0.343766, 39.479527], [-0.343789, 39.479534], [-0.344001, 39.479597], [-0.344109, 39.479629], [-0.344118, 39.479631], [-0.344149, 39.47964], [-0.344274, 39.479677], [-0.344326, 39.479696], [-0.344404, 39.479727], [-0.344465, 39.479746], [-0.344821, 39.47985], [-0.345057, 39.479913], [-0.345181, 39.479945], [-0.345443, 39.480011], [-0.345469, 39.480019], [-0.346383, 39.480288], [-0.347319, 39.480555], [-0.347374, 39.48057], [-0.347423, 39.480583], [-0.348213, 39.480814], [-0.350265, 39.481406], [-0.350315, 39.481421], [-0.350354, 39.481434], [-0.350513, 39.481509], [-0.350658, 39.481587], [-0.350658, 39.481597], [-0.350667, 39.481681], [-0.350692, 39.481762], [-0.350733, 39.48184], [-0.350789, 39.481912], [-0.350859, 39.481977], [-0.350918, 39.482017], [-0.350942, 39.482033], [-0.350977, 39.48205], [-0.351033, 39.482078], [-0.351132, 39.482112], [-0.351193, 39.482126], [-0.351264, 39.482289], [-0.351274, 39.482306], [-0.351293, 39.48234], [-0.351308, 39.482378], [-0.351335, 39.482434], [-0.351393, 39.482672], [-0.3521, 39.485449], [-0.352439, 39.486809], [-0.352635, 39.487656], [-0.352642, 39.487897], [-0.352594, 39.487953], [-0.352562, 39.488015], [-0.352546, 39.48808], [-0.352547, 39.488147], [-0.352565, 39.488212], [-0.3526, 39.488273], [-0.35265, 39.488328], [-0.352713, 39.488373], [-0.352793, 39.488411], [-0.352882, 39.488434], [-0.352909, 39.488438], [-0.353, 39.488517], [-0.353084, 39.488588], [-0.353176, 39.488689], [-0.355929, 39.492395], [-0.356838, 39.493661], [-0.356867, 39.493708], [-0.35692, 39.493774], [-0.356993, 39.493903], [-0.357042, 39.494089], [-0.357022, 39.49413], [-0.357006, 39.494172], [-0.356996, 39.494216], [-0.35699, 39.494259], [-0.356991, 39.49432], [-0.357001, 39.49438], [-0.35702, 39.494439], [-0.357048, 39.494495], [-0.357084, 39.494549], [-0.357129, 39.494599], [-0.357218, 39.49467], [-0.357323, 39.494727], [-0.35744, 39.494767], [-0.357566, 39.494789], [-0.357694, 39.494791], [-0.35784, 39.49477], [-0.357906, 39.49475], [-0.357986, 39.494718], [-0.358074, 39.494668], [-0.358151, 39.494607], [-0.358213, 39.494537], [-0.35826, 39.49446], [-0.358288, 39.494378], [-0.358298, 39.494314], [-0.358298, 39.494271], [-0.358297, 39.49425], [-0.358286, 39.494186], [-0.358264, 39.494124], [-0.358279, 39.49408], [-0.3583, 39.494039], [-0.358329, 39.494001], [-0.358367, 39.493969], [-0.35843, 39.493927], [-0.358463, 39.493908], [-0.358663, 39.493793], [-0.359203, 39.493488], [-0.359233, 39.493472], [-0.359292, 39.493438], [-0.359932, 39.493074], [-0.359963, 39.493056], [-0.360123, 39.492966], [-0.360219, 39.49291], [-0.360469, 39.492772], [-0.360502, 39.492753], [-0.360951, 39.492495], [-0.36169, 39.492069], [-0.361719, 39.492052], [-0.361939, 39.491925], [-0.362158, 39.491803], [-0.362192, 39.491785], [-0.363324, 39.49114], [-0.363354, 39.491122], [-0.36391, 39.490807], [-0.364299, 39.490592], [-0.364332, 39.490573], [-0.364548, 39.490448], [-0.364667, 39.490481], [-0.364714, 39.490495], [-0.364723, 39.490498], [-0.365048, 39.49059], [-0.365099, 39.490596], [-0.365205, 39.49065], [-0.365287, 39.4907], [-0.365691, 39.491001], [-0.365796, 39.491083], [-0.365903, 39.49116], [-0.366582, 39.491665], [-0.366611, 39.491693], [-0.366629, 39.491722], [-0.366646, 39.491756], [-0.366616, 39.491827], [-0.366614, 39.491913], [-0.366646, 39.491993], [-0.366663, 39.492016], [-0.366709, 39.492061], [-0.366735, 39.492079], [-0.366788, 39.492108], [-0.36688, 39.492135], [-0.366977, 39.49214], [-0.367071, 39.492125], [-0.367111, 39.492112], [-0.367161, 39.492112], [-0.367198, 39.492125], [-0.367244, 39.492156], [-0.367839, 39.492584], [-0.36788, 39.492626], [-0.367907, 39.492668], [-0.367917, 39.492702], [-0.367917, 39.492716], [-0.367903, 39.492742], [-0.367864, 39.492782], [-0.367814, 39.492822], [-0.367351, 39.493189], [-0.367323, 39.493211], [-0.367214, 39.493297], [-0.367163, 39.493258], [-0.366272, 39.492591]]"
Falla Santa Genoveva Torres-Arquitecte Tolsà (la Nova de Orriols),Casa Luis,1753.5,"[[-0.366265, 39.492586], [-0.366185, 39.492525], [-0.366252, 39.492469], [-0.366638, 39.492155], [-0.366735, 39.492079], [-0.366788, 39.492108], [-0.36688, 39.492135], [-0.366977, 39.49214], [-0.367071, 39.492125], [-0.367111, 39.492112], [-0.367161, 39.492112], [-0.367198, 39.492125], [-0.367244, 39.492156], [-0.367839, 39.492584], [-0.36788, 39.492626], [-0.367907, 39.492668], [-0.367917, 39.492702], [-0.367917, 39.492716], [-0.367922, 39.492738], [-0.367927, 39.492744], [-0.367943, 39.49277], [-0.367966, 39.492789], [-0.367976, 39.492796], [-0.368018, 39.492813], [-0.368066, 39.492818], [-0.368113, 39.49281], [-0.368156, 39.492791], [-0.368186, 39.492762], [-0.368203, 39.492727], [-0.368204, 39.492696], [-0.368199, 39.492679], [-0.368218, 39.49265], [-0.368251, 39.492622], [-0.368631, 39.492309], [-0.368696, 39.492256], [-0.369055, 39.491974], [-0.369113, 39.49193], [-0.36914, 39.491918], [-0.369172, 39.491908], [-0.369198, 39.491901], [-0.369219, 39.491889], [-0.369348, 39.491781], [-0.369633, 39.491564], [-0.369719, 39.491499], [-0.36979, 39.49144], [-0.370127, 39.491166], [-0.370184, 39.491119], [-0.370228, 39.491085], [-0.370246, 39.491072], [-0.370624, 39.490776], [-0.370675, 39.490733], [-0.37124, 39.490283], [-0.371248, 39.490276], [-0.371271, 39.490259], [-0.371317, 39.49022], [-0.371411, 39.490287], [-0.371464, 39.490328], [-0.371644, 39.490491], [-0.372048, 39.490791], [-0.372272, 39.490959], [-0.372766, 39.491341], [-0.373226, 39.491683], [-0.373229, 39.491684], [-0.373279, 39.491697], [-0.373368, 39.491734], [-0.373642, 39.491929], [-0.373676, 39.491954], [-0.373741, 39.492014], [-0.373745, 39.492039], [-0.373755, 39.492063], [-0.373771, 39.492086], [-0.373792, 39.492106], [-0.373837, 39.492131], [-0.373872, 39.492142], [-0.373908, 39.492144], [-0.373933, 39.492144], [-0.373977, 39.492137], [-0.373983, 39.492135], [-0.374028, 39.492116], [-0.374059, 39.492096], [-0.37409, 39.49206], [-0.374103, 39.492015], [-0.374103, 39.491985], [-0.374099, 39.491965], [-0.374094, 39.49195], [-0.37409, 39.491945], [-0.374122, 39.491899], [-0.374166, 39.491835], [-0.374186, 39.491807], [-0.374294, 39.491651], [-0.374421, 39.491475], [-0.374841, 39.490892], [-0.374908, 39.490799], [-0.37527, 39.490285], [-0.375376, 39.490134], [-0.375454, 39.490024], [-0.375489, 39.489976], [-0.375698, 39.489683], [-0.376165, 39.489025], [-0.37652, 39.488523], [-0.376573, 39.488499], [-0.376617, 39.488506], [-0.376642, 39.488525], [-0.376671, 39.488577], [-0.376726, 39.488743], [-0.376798, 39.488857], [-0.377327, 39.489399], [-0.377368, 39.48947], [-0.3774, 39.489499], [-0.377499, 39.489492], [-0.37761, 39.489474], [-0.377711, 39.489421], [-0.377818, 39.489363], [-0.377834, 39.489326], [-0.378093, 39.48897], [-0.378138, 39.488908], [-0.37838, 39.488851], [-0.379005, 39.488707], [-0.379272, 39.488647]]"
